<states>
    <state>
        <name>Andaman and Nicobar Islands</name>
        <code>AN</code>
    </state>
    <state>
        <name>Andhra Pradesh</name>
        <code>AD</code>
    </state>
    <state>
        <name>Arunachal Pradesh</name>
        <code>AR</code>
    </state>
    <state>
        <name>Assam</name>
        <code>AS</code>
    </state>
    <state>
        <name>Bihar</name>
        <code>BR</code>
    </state>
    <state>
        <name>Chandigarh</name>
        <code>CH</code>
    </state>
    <state>
        <name>Chattisgarh</name>
        <code>CG</code>
    </state>
    <state>
        <name>Dadra and Nagar Haveli</name>
        <code>DN</code>
    </state>
    <state>
        <name>Daman and Diu</name>
        <code>DD</code>
    </state>
    <state>
        <name>Delhi</name>
        <code>DL</code>
    </state>
    <state>
        <name>Goa</name>
        <code>GA</code>
    </state>
    <state>
        <name>Gujarat</name>
        <code>GJ</code>
    </state>
    <state>
        <name>Haryana</name>
        <code>HR</code>
    </state>
    <state>
        <name>Himachal Pradesh</name>
        <code>HP</code>
    </state>
    <state>
        <name>Jammu and Kashmir</name>
        <code>JK</code>
    </state>
    <state>
        <name>Jharkhand</name>
        <code>JH</code>
    </state>
    <state>
        <name>Karnataka</name>
        <code>KA</code>
    </state>
    <state>
        <name>Kerala</name>
        <code>KL</code>
    </state>
    <state>
        <name>Lakshadweep Islands</name>
        <code>LD</code>
    </state>
    <state>
        <name>Madhya Pradesh</name>
        <code>MP</code>
    </state>
    <state>
        <name>Maharashtra</name>
        <code>MH</code>
    </state>
    <state>
        <name>Manipur</name>
        <code>MN</code>
    </state>
    <state>
        <name>Meghalaya</name>
        <code>ML</code>
    </state>
    <state>
        <name>Mizoram</name>
        <code>MZ</code>
    </state>
    <state>
        <name>Nagaland</name>
        <code>NL</code>
    </state>
    <state>
        <name>Odisha</name>
        <code>OD</code>
    </state>
    <state>
        <name>Pondicherry</name>
        <code>PY</code>
    </state>
    <state>
        <name>Punjab</name>
        <code>PB</code>
    </state>
    <state>
        <name>Rajasthan</name>
        <code>RJ</code>
    </state>
    <state>
        <name>Sikkim</name>
        <code>SK</code>
    </state>
    <state>
        <name>Tamil Nadu</name>
        <code>TN</code>
    </state>
    <state>
        <name>Telangana</name>
        <code>TS</code>
    </state>
    <state>
        <name>Tripura</name>
        <code>TR</code>
    </state>
    <state>
        <name>Uttar Pradesh</name>
        <code>UP</code>
    </state>
    <state>
        <name>Uttarakhand</name>
        <code>UK</code>
    </state>
    <state>
        <name>West Bengal</name>
        <code>WB</code>
    </state>
</states>